CSIA_mag,J0,J45
"{'W': np.float64(0.9026237760633955), 'p': np.float64(3.201727329702729e-10)}","{'W': np.float64(0.9586598327452571), 'p': np.float64(1.2886331954160876e-05)}","{'W': np.float64(0.9605852602333791), 'p': np.float64(2.0824975737680773e-05)}"
