,strategy,mean_VE,sd_VE,median_VE
0,Population centroid,0.7131044473455506,0.5192420171854141,0.5851747870183712
1,Eye-specific centroid,0.647485491055879,0.5185439007819699,0.5507190914326858
